TimeStamp,Date,Time,User,Tweet,Text,Location,Sentiment,Score,Pos_Score,Neg_Score,Neu_Score
2022-06-18 23:59:59+00:00,2022-06-18,23:59:59,FabriikX,"'Twas the night before #FathersDay... âœ¨ 

Have you submitted your artwork yet to our Father's Day NFT collection? Iâ€¦ https://t.co/6p63jzB4LQ","twas the night before fathersday âœ¨ 

have you submitted your artwork yet to our fathers day nft collection iâ€¦ httpstcopjzblq",,0,0.0,0.0,0.0,0.0
2022-06-18 23:59:59+00:00,2022-06-18,23:59:59,dcd728,Yeah itâ€™s #SunKingSunday but also #FathersDay #LouisXIV #Dauphin #GeorgeBlagden https://t.co/k4n35fxr1z,yeah itâ€™s sunkingsunday but also fathersday louisxiv dauphin georgeblagden httpstcoknfxrz,Massachusetts USA,1,0.1531,0.1531,0.0,0.0
2022-06-18 23:59:54+00:00,2022-06-18,23:59:54,MaLanterne,"Vintage Perpetual Calendar, Black Color Desk Boxed Calendar,  Dutch Perpetual Calendar, Made in Holland, 70sâ€¦ https://t.co/hsJ3bYGv21",vintage perpetual calendar black color desk boxed calendar  dutch perpetual calendar made in holland sâ€¦ httpstcohsjbygv,"Crete, Greece",0,0.0,0.0,0.0,0.0
2022-06-18 23:59:48+00:00,2022-06-18,23:59:48,BearFoodKitchen,Letâ€™s add some lemon basil garlic to these babies. #FathersDay #shrimp #food #Grateful #delicious #beautifulâ€¦ https://t.co/IX9Enqlhvi,letâ€™s add some lemon basil garlic to these babies fathersday shrimp food grateful delicious beautifulâ€¦ httpstcoixenqlhvi,,1,0.7717,0.7717,0.0,0.0
2022-06-18 23:59:45+00:00,2022-06-18,23:59:45,Champions_odds1,"MY CUSTOMERS ğŸ‘ğŸ‘ğŸ‘ğŸ‘ğŸ‘ğŸ‘ğŸ‘ğŸ‘ğŸ‘ğŸ‘ğŸ‘ WE LOVE YOU SO MUCH ğŸ“© @Champions_odds1 
Whatsapp https://t.co/b9vPLwucbv
#CanadianGPâ€¦ https://t.co/E44sIv0mcP","my customers ğŸ‘ğŸ‘ğŸ‘ğŸ‘ğŸ‘ğŸ‘ğŸ‘ğŸ‘ğŸ‘ğŸ‘ğŸ‘ we love you so much ğŸ“© championsodds 
whatsapp httpstcobvplwucbv
canadiangpâ€¦ httpstcoesivmcp","Fullerton, CA",1,0.6369,0.6369,0.0,0.0
2022-06-18 23:59:33+00:00,2022-06-18,23:59:33,CellySalt,"Happy Fatherâ€™s Day! â€œCellyâ€brate with dad, stepdad, billet dad, adoptive dad, grandfather or a father figure that hâ€¦ https://t.co/Y91M6pmw16",happy fatherâ€™s day â€œcellyâ€brate with dad stepdad billet dad adoptive dad grandfather or a father figure that hâ€¦ httpstcoympmw,"Canton, MI",1,0.5719,0.5719,0.0,0.0
2022-06-18 23:59:21+00:00,2022-06-18,23:59:21,reyv234567,#TeamAscott extends a Happy Father's Day to all the loving and supportive dads out there. May this day be spent witâ€¦ https://t.co/M7HOY1fXyB,teamascott extends a happy fathers day to all the loving and supportive dads out there may this day be spent witâ€¦ httpstcomhoyfxyb,,1,0.8834,0.8834,0.0,0.0
2022-06-18 23:59:00+00:00,2022-06-18,23:59:00,cristinacoach,"Who else use to make Shutterfly or photo books for their kids as they were growing up?
https://t.co/FOmF7kQvUbâ€¦ https://t.co/ShXBjGjSSZ","who else use to make shutterfly or photo books for their kids as they were growing up
httpstcofomfkqvubâ€¦ httpstcoshxbjgjssz",,1,0.1779,0.1779,0.0,0.0
2022-06-18 23:58:29+00:00,2022-06-18,23:58:29,SinghTheHunter,Think of lakhs of children who are #missing their #loving #Papa and want to see or meet him but cannot just becauseâ€¦ https://t.co/NE49tk7TKo,think of lakhs of children who are missing their loving papa and want to see or meet him but cannot just becauseâ€¦ httpstconetktko,,1,0.25,0.25,0.0,0.0
2022-06-18 23:58:23+00:00,2022-06-18,23:58:23,GrillinFool,Just a little pre-Fatherâ€™s Dat celebration for me. 18 ounces of Uber marbled bliss. And all sheâ€™s getting is some oâ€¦ https://t.co/JZ9rXwRcGo,just a little prefatherâ€™s dat celebration for me  ounces of uber marbled bliss and all sheâ€™s getting is some oâ€¦ httpstcojzrxwrcgo,St. Louis,1,0.6096,0.6096,0.0,0.0
2022-06-18 23:58:21+00:00,2022-06-18,23:58:21,BirdsWatcherFS,This team showed heart today but just couldn't come back twice...we go again tomorrow on #FathersDay #Birdland,this team showed heart today but just couldnt come back  go again tomorrow on fathersday birdland,"Baltimore, MD",0,0.0,0.0,0.0,0.0
2022-06-18 23:58:11+00:00,2022-06-18,23:58:11,ePerformax,"Weâ€™re honoring our fathers for their dedication, commitment, and love for their families. We wish you a very Happyâ€¦ https://t.co/t2WL1UJOMO",weâ€™re honoring our fathers for their dedication commitment and love for their families we wish you a very happyâ€¦ httpstcotwlujomo,Pasay City,1,0.9153,0.9153,0.0,0.0
2022-06-18 23:58:11+00:00,2022-06-18,23:58:11,andrew_beha,Happy Fatherâ€™s Day to the best dad ever we miss you so very much life is now so empty without you here Love you forâ€¦ https://t.co/WTfIoKDuhC,happy fatherâ€™s day to the best dad ever we miss you so very much life is now so empty without you here love you forâ€¦ httpstcowtfiokduhc,,1,0.3748,0.3748,0.0,0.0
2022-06-18 23:57:57+00:00,2022-06-18,23:57:57,Palermz26,"Happy Father's day to all!!!

#FathersDay #FathersDay2022 https://t.co/eEsCU7Zqlm","happy fathers day to all

fathersday fathersday httpstcoeescuzqlm",,1,0.5719,0.5719,0.0,0.0
2022-06-18 23:57:16+00:00,2022-06-18,23:57:16,nesto_92,With the main homie! #FathersDay #SiempreLA #AlwaysLA https://t.co/qWuD0jamYf,with the main homie fathersday siemprela alwaysla httpstcoqwudjamyf,Compton | Baltimore ,0,0.0,0.0,0.0,0.0
2022-06-18 23:57:10+00:00,2022-06-18,23:57:10,SKAA_Wireless,"This Fatherâ€™s Day Sunday, buy him something he will be sure to love! Dillinger Labsâ€™ SKAA Helix Headphones are theâ€¦ https://t.co/dTYeR1GQ5Y",this fatherâ€™s day sunday buy him something he will be sure to love dillinger labsâ€™ skaa helix headphones are theâ€¦ httpstcodtyergqy,,1,0.7579,0.7579,0.0,0.0
2022-06-18 23:57:08+00:00,2022-06-18,23:57:08,tbctacloban,"""The father of a righteous child has great joy; a man who fathers a wise son rejoices in him.""
- Proverbs 23:24

Toâ€¦ https://t.co/VTY67iAuJj","the father of a righteous child has great joy a man who fathers a wise son rejoices in him
 proverbs 

toâ€¦ httpstcovtyiaujj","Tacloban City, Eastern Visayas",1,0.9337,0.9337,0.0,0.0
2022-06-18 23:57:02+00:00,2022-06-18,23:57:02,Mikey007007,"3/ so Happy fathers day dad, &amp; a shout out to all the good dads out there, &amp; those who also take on the mothers rolâ€¦ https://t.co/JKQimQEEt0", so happy fathers day dad amp a shout out to all the good dads out there amp those who also take on the mothers rolâ€¦ httpstcojkqimqeet,"London, England",1,0.7841,0.7841,0.0,0.0
2022-06-18 23:57:02+00:00,2022-06-18,23:57:02,KidsFootLocker,"Like father, like son ğŸ‘¨â€ğŸ‘¦ swing by a store and let us get your little ones right for #FathersDay https://t.co/tXfTHzPBEW",like father like son ğŸ‘¨â€ğŸ‘¦ swing by a store and let us get your little ones right for fathersday httpstcotxfthzpbew,,1,0.6124,0.6124,0.0,0.0
2022-06-18 23:56:58+00:00,2022-06-18,23:56:58,Antonio_Bernal,Only true fans will see it. #fathersday #fathersdaygifts #diadelpadre @ Seville https://t.co/IqjNqIXcv7,only true fans will see it fathersday fathersdaygifts diadelpadre  seville httpstcoiqjnqixcv,"Gilbert, AZ",1,0.4215,0.4215,0.0,0.0
2022-06-18 23:56:30+00:00,2022-06-18,23:56:30,anandsb5,"After a long time, started to read a book.

â€œGood Vibes Good Lifeâ€ - by Vex Ling. 

It got a great rating of 4.7/5â€¦ https://t.co/2JT28WCUzK","after a long time started to read a book

â€œgood vibes good lifeâ€  by vex ling 

it got a great rating of â€¦ httpstcojtwcuzk","Kuala Lumpur Federal Territory, Malaysia",1,0.7906,0.7906,0.0,0.0
2022-06-18 23:56:21+00:00,2022-06-18,23:56:21,princeeric323,"ğŸ’œ // ""Me and my daughter Melody, sharing and caring on her for a Father's Day in between a Mermaid and a Sailor...""â€¦ https://t.co/jPw8hTsQog",ğŸ’œ  me and my daughter melody sharing and caring on her for a fathers day in between a mermaid and a sailorâ€¦ httpstcojpwhtsqog,Eric's Castle,1,0.7184,0.7184,0.0,0.0
2022-06-18 23:56:13+00:00,2022-06-18,23:56:13,lewisli98642606,"Happy Father's Day!

#wisetech #fyp #OEM #ODM #factory #lighting #slim #handlamp #worklight #inspectionâ€¦ https://t.co/RoyCQHiKzo","happy fathers day

wisetech fyp oem odm factory lighting slim handlamp worklight inspectionâ€¦ httpstcoroycqhikzo",,1,0.5719,0.5719,0.0,0.0
2022-06-18 23:56:13+00:00,2022-06-18,23:56:13,ChocTart,"Happy Fathers Day to all the chocoholic Dads! But especially to the Dads who wash up, know how to hoover and hang oâ€¦ https://t.co/UEJVvGBnbu",happy fathers day to all the chocoholic dads but especially to the dads who wash up know how to hoover and hang oâ€¦ httpstcouejvvgbnbu,Bristol,1,0.3291,0.3291,0.0,0.0
2022-06-18 23:56:00+00:00,2022-06-18,23:56:00,msolen,Happy Fatherâ€™s Day to dads in our fam â¤ï¸ esp to our pops and papalim @parengkiks we love you ğŸ˜ğŸ¥³ğŸ‰ #fathersdayâ€¦ https://t.co/xlPuvyR41P,happy fatherâ€™s day to dads in our fam â¤ï¸ esp to our pops and papalim parengkiks we love you ğŸ˜ğŸ¥³ğŸ‰ fathersdayâ€¦ httpstcoxlpuvyrp,"Manila, Philippines",1,0.836,0.836,0.0,0.0
2022-06-18 23:56:00+00:00,2022-06-18,23:56:00,TNTimesDrive,"Thanks for being my guiding light and the precious life lessons. Happy Fatherâ€™s Day!

#fathersday #fatherloveâ€¦ https://t.co/KaDmeeaM2y","thanks for being my guiding light and the precious life lessons happy fatherâ€™s day

fathersday fatherloveâ€¦ httpstcokadmeeamy",India,1,0.8834,0.8834,0.0,0.0
2022-06-18 23:55:50+00:00,2022-06-18,23:55:50,FortiusInfra,A father is the first and the best friend a child makes in life. Wishing you all a very Happy Fatherâ€™s Day.â€¦ https://t.co/JCPQKJxO05,a father is the first and the best friend a child makes in life wishing you all a very happy fatherâ€™s dayâ€¦ httpstcojcpqkjxo,Bangalore,1,0.923,0.923,0.0,0.0
2022-06-18 23:55:37+00:00,2022-06-18,23:55:37,bradgardner1,"Shout out to all the Dads and Fathers out there! Don't forget, time is all of ours most precious commodity... takeâ€¦ https://t.co/kkD3clkU0q",shout out to all the dads and fathers out there dont forget time is all of ours most precious commodity takeâ€¦ httpstcokkdclkuq,"Wilmington, NC",1,0.6867,0.6867,0.0,0.0
2022-06-18 23:55:33+00:00,2022-06-18,23:55:33,thefreedompug,Bidenâ€™s latest fall off his bicycle prompted suit makers to alter his traditional outfit to become more tumble-resiâ€¦ https://t.co/RK677vneE2,bidenâ€™s latest fall off his bicycle prompted suit makers to alter his traditional outfit to become more tumbleresiâ€¦ httpstcorkvnee,,0,0.0,0.0,0.0,0.0
2022-06-18 23:55:17+00:00,2022-06-18,23:55:17,AOSOrwell,"Dear Fathers,

Today's celebration reminds us of the resilient, Never give up spirit fathers instill in our world.â€¦ https://t.co/rwNzZBYtXf","dear fathers

todays celebration reminds us of the resilient never give up spirit fathers instill in our worldâ€¦ httpstcorwnzzbytxf","Nigeria, Ghana, Uganda",1,0.2691,0.2691,0.0,0.0
2022-06-18 23:55:17+00:00,2022-06-18,23:55:17,JLPJLP2k,Goblin loves ladders #FathersDay #Caturday #CatsOfTwitter #CatsOnTwitter https://t.co/s8eEnGwynz,goblin loves ladders fathersday caturday catsoftwitter catsontwitter httpstcoseengwynz,,1,0.5719,0.5719,0.0,0.0
2022-06-18 23:55:00+00:00,2022-06-18,23:55:00,Alien_Highjinx,Just in time for #fathersday weekendâ€¦  good prices at @Foodbasics for the BBQ! https://t.co/XBCTXHqJRh,just in time for fathersday weekendâ€¦  good prices at foodbasics for the bbq httpstcoxbctxhqjrh,,1,0.4404,0.4404,0.0,0.0
2022-06-18 23:54:58+00:00,2022-06-18,23:54:58,LalithaParame13,"@SadhguruJV Wah awsome thank you for all responcible  supporters.#SaveSoilBengaluru ,#savesoil movement,#savelife,â€¦ https://t.co/YgpHgXT4Iv",sadhgurujv wah awsome thank you for all responcible  supporterssavesoilbengaluru savesoil movementsavelifeâ€¦ httpstcoygphgxtiv,,1,0.3612,0.3612,0.0,0.0
2022-06-18 23:54:56+00:00,2022-06-18,23:54:56,pz_onlineworld,"No matter how old I get, I'll never stop needing my father. Happy Father's Day ama!! We LOVE you!! â¤â¤â¤ #FathersDay",no matter how old i get ill never stop needing my father happy fathers day ama we love you â¤â¤â¤ fathersday,"Quezon City, National Capital ",1,0.7085,0.7085,0.0,0.0
2022-06-18 23:54:41+00:00,2022-06-18,23:54:41,teddy_fikre,"The most precious gift Iâ€™ve ever received was becoming a dad. Despite lifeâ€™s unexpected circumstances, my heart isâ€¦ https://t.co/toN38ac5vR",the most precious gift iâ€™ve ever received was becoming a dad despite lifeâ€™s unexpected circumstances my heart isâ€¦ httpstcotonacvr,"Alexandria, VA",1,0.8004,0.8004,0.0,0.0
2022-06-18 23:54:24+00:00,2022-06-18,23:54:24,raplinehwa,"happy fathersday to my true daddy, mister carlisle cullen &lt;333",happy fathersday to my true daddy mister carlisle cullen lt,Nederland,1,0.7579,0.7579,0.0,0.0
2022-06-18 23:54:11+00:00,2022-06-18,23:54:11,FlemingtonAudi,"Wishing all the Fathers a Wonderful Father's Day Weekend!

#fathersday #dad #happyfathersday #family https://t.co/5evixmjzrX","wishing all the fathers a wonderful fathers day weekend

fathersday dad happyfathersday family httpstcoevixmjzrx","Flemington, NJ",1,0.6808,0.6808,0.0,0.0
2022-06-18 23:53:40+00:00,2022-06-18,23:53:40,MahlatseLux,"Name a song from #HonestlyNevermind thats better than this 1
#FathersDay2022 #fathersday kabza #Umdeni hello naleâ€¦ https://t.co/1qshJfDpiL","name a song from honestlynevermind thats better than this 
fathersday fathersday kabza umdeni hello naleâ€¦ httpstcoqshjfdpil",,1,0.4404,0.4404,0.0,0.0
2022-06-18 23:53:33+00:00,2022-06-18,23:53:33,BeaconEnergyLtd,"We celebrate Fatherâ€™s day, to honor, to respect, and show love to the man who brought us shelter and protection froâ€¦ https://t.co/JHBHRPjbYF",we celebrate fatherâ€™s day to honor to respect and show love to the man who brought us shelter and protection froâ€¦ httpstcojhbhrpjbyf,Islamabad | Lahore | Karachi ,1,0.9349,0.9349,0.0,0.0
2022-06-18 23:53:24+00:00,2022-06-18,23:53:24,hasnainshafeeq7,"Happy Father's Day to all the great Dads out there, you are real heroes ğŸ¥°
#hellohasnain #FathersDay #FathersDay2022â€¦ https://t.co/2IAhXrd11P","happy fathers day to all the great dads out there you are real heroes ğŸ¥°
hellohasnain fathersday fathersdayâ€¦ httpstcoiahxrdp","Karachi, Pakistan",1,0.9022,0.9022,0.0,0.0
2022-06-18 23:53:18+00:00,2022-06-18,23:53:18,Thakur_nitin_,"Happy father's day my dad is my super hero...
#FathersDay2022 #FathersDay #superhero #BestFriend #mylifeâ€¦ https://t.co/F4NUo545kP","happy fathers day my dad is my super hero
fathersday fathersday superhero bestfriend mylifeâ€¦ httpstcofnuokp",,1,0.9042,0.9042,0.0,0.0
2022-06-18 23:53:14+00:00,2022-06-18,23:53:14,YesIActAndWrite,"Winner.

#groundedforlife #fathersday #weekend #writerslife #actorslife #saturday #writingcommunity https://t.co/9BhAVnxdqp","winner

groundedforlife fathersday weekend writerslife actorslife saturday writingcommunity httpstcobhavnxdqp",New York City,1,0.5859,0.5859,0.0,0.0
2022-06-18 23:53:10+00:00,2022-06-18,23:53:10,Sittieduhney,Happy fathersday!â¤ï¸. I miss you papi in heaven i love you. https://t.co/t268CnHMVN,happy fathersdayâ¤ï¸ i miss you papi in heaven i love you httpstcotcnhmvn,Republic of the Philippines,1,0.891,0.891,0.0,0.0
2022-06-18 23:52:56+00:00,2022-06-18,23:52:56,moanystark,"@Dazenger This is #FathersDay done properly, much respect ğŸ‘",dazenger this is fathersday done properly much respect ğŸ‘,"Oxfordshire, UK",1,0.4767,0.4767,0.0,0.0
2022-06-18 23:52:51+00:00,2022-06-18,23:52:51,BFO_SW,"There is no one way to mark these days...trust your own sense of what you need, what your family needs; lead with yâ€¦ https://t.co/A8FjPKVHXs",there is no one way to mark these  your own sense of what you need what your family needs lead with yâ€¦ httpstcoafjpkvhxs,"London, Ontario",-1,-0.296,0.0,-0.296,0.0
2022-06-18 23:52:50+00:00,2022-06-18,23:52:50,ecellakwatsera,"Happy Father's Day to the fur-daddy of WenWen, Spin and Soso!â¤ï¸ğŸ˜˜

Happy Father's Day to all the dads in the universâ€¦ https://t.co/MBBDV7yhwe","happy fathers day to the furdaddy of wenwen spin and sosoâ¤ï¸ğŸ˜˜

happy fathers day to all the dads in the universâ€¦ httpstcombbdvyhwe","Quezon City, PH",1,0.8126,0.8126,0.0,0.0
2022-06-18 23:52:32+00:00,2022-06-18,23:52:32,MoneyGrip79,Is this true @ChickfilA ğŸ˜• #FathersDay2022 #FathersDay #chickfila https://t.co/qfKgxhUryf,is this true chickfila ğŸ˜• fathersday fathersday chickfila httpstcoqfkgxhuryf,Baton Rouge to Dallasî€,1,0.4215,0.4215,0.0,0.0
2022-06-18 23:52:21+00:00,2022-06-18,23:52:21,Undathehat,"#newsong and #newvideo out now. Go to and listen, view, download stream or just go to the websiteâ€¦ https://t.co/JMKJM3Wr7d",newsong and newvideo out now go to and listen view download stream or just go to the websiteâ€¦ httpstcojmkjmwrd,"Plano, TX",0,0.0,0.0,0.0,0.0
2022-06-18 23:52:00+00:00,2022-06-18,23:52:00,sk8terryder,"give your dad this father's day a flowering plant bouquet 'coz they deserve flowers too! ğŸ’–ğŸ’

suprise your plantdad/â€¦ https://t.co/RCETW7nVsG","give your dad this fathers day a flowering plant bouquet coz they deserve flowers too ğŸ’–ğŸ’

suprise your plantdadâ€¦ httpstcorcetwnvsg",uÊop Çpá´‰sdn ÇÉ¥Ê‡,0,0.0,0.0,0.0,0.0
2022-06-18 23:52:00+00:00,2022-06-18,23:52:00,KapilBusiness,"Wishing you all a Happy Fatherâ€™s Day!

#kapilproperties #properties #tsrers #hmda #commercialproperty #investmentâ€¦ https://t.co/LU4y0OXr4p","wishing you all a happy fatherâ€™s day

kapilproperties properties tsrers hmda commercialproperty investmentâ€¦ httpstcoluyoxrp"," Hyderabad, Telangana 500032",1,0.6808,0.6808,0.0,0.0
2022-06-18 23:51:57+00:00,2022-06-18,23:51:57,bkfViking123,Bosses Day is the most confusing day of the year for #DayTraders ..... #FathersDay is for shit libs. https://t.co/n2TtQY31Bp,bosses day is the most confusing day of the year for daytraders  fathersday is for shit libs httpstconttqybp,"Houston, TX",-1,-0.6997,0.0,-0.6997,0.0
2022-06-18 23:51:53+00:00,2022-06-18,23:51:53,Spyngaro,"@KuWallet One day , I'm very sad because fail in 3rd standard due to fever on exam time. 

Then my Father come andâ€¦ https://t.co/xjKPRDYOpD","kuwallet one day  im very sad because fail in rd standard due to fever on exam time 

then my father come andâ€¦ httpstcoxjkprdyopd",,-1,-0.7996,0.0,-0.7996,0.0
2022-06-18 23:51:37+00:00,2022-06-18,23:51:37,AIElectronix,"To all the dads who guide us, make us laugh and share so bright. Thank you for being the guiding lights of our liveâ€¦ https://t.co/rWVIZn16Tx",to all the dads who guide us make us laugh and share so bright thank you for being the guiding lights of our liveâ€¦ httpstcorwvizntx,"KPHB Colony, Rajendra Nagar",1,0.9066,0.9066,0.0,0.0
2022-06-18 23:51:31+00:00,2022-06-18,23:51:31,MalePsychology,"We celebrate #FathersDay, but our culture is much too quick to separate dads from their children, often harming theâ€¦ https://t.co/KouXjfUtWE",we celebrate fathersday but our culture is much too quick to separate dads from their children often harming theâ€¦ httpstcokouxjfutwe,"London, England",-1,-0.5499,0.0,-0.5499,0.0
2022-06-18 23:51:13+00:00,2022-06-18,23:51:13,Champions_odds1,"ğŸ”ğŸ“¸ ğŸ”ğŸ“¸Verification of authenticityğŸ“¸ğŸ”

VIDEO EVIDENCE ğŸ¥ ğŸ“· 

Watch to the endğŸ˜‡ğŸ¤©ğŸ¥³ğŸ¥¶ğŸ¤‘

 NO_VANESS 

ğŸ‘‘ 
Finally Understandâ€¦ https://t.co/YwW1XRpUkR","ğŸ”ğŸ“¸ ğŸ”ğŸ“¸verification of authenticityğŸ“¸ğŸ”

video evidence ğŸ¥ ğŸ“· 

watch to the endğŸ˜‡ğŸ¤©ğŸ¥³ğŸ¥¶ğŸ¤‘

 novaness 

ğŸ‘‘ 
finally understandâ€¦ httpstcoywwxrpukr","Fullerton, CA",0,0.0,0.0,0.0,0.0
2022-06-18 23:51:08+00:00,2022-06-18,23:51:08,FiStarStone,Two amazing dads in one photo and one is missing who I miss so very much. First #fathersday without him snd itâ€™s haâ€¦ https://t.co/BuUN1KrbrS,two amazing dads in one photo and one is missing who i miss so very much first fathersday without him snd itâ€™s haâ€¦ httpstcobuunkrbrs, UK ,1,0.25,0.25,0.0,0.0
2022-06-18 23:50:29+00:00,2022-06-18,23:50:29,CC____07,Happy father's to all dads out there! ğŸ˜Š #FathersDay #FathersDay2022,happy fathers to all dads out there ğŸ˜Š fathersday fathersday,,1,0.5719,0.5719,0.0,0.0
2022-06-18 23:50:26+00:00,2022-06-18,23:50:26,dr_skaggs,"Great start to Father's Day weekend with my Father Figure &amp; Mentor, Dr. Vern Tolo  #FathersDay #mentor #spineâ€¦ https://t.co/BrATqiFzxa",great start to fathers day weekend with my father figure amp mentor dr vern tolo  fathersday mentor spineâ€¦ httpstcobratqifzxa,"Los Angeles, CA",1,0.6249,0.6249,0.0,0.0
2022-06-18 23:50:14+00:00,2022-06-18,23:50:14,Dazenger,"Itâ€™s #FathersDay, throwback to 2016â€¦ https://t.co/cwg50Dq7e1",itâ€™s fathersday throwback to â€¦ httpstcocwgdqe,,0,0.0,0.0,0.0,0.0
2022-06-18 23:50:12+00:00,2022-06-18,23:50:12,universalsch,"Happy Fatherâ€™s Day !

On this occasion of Fatherâ€™s Day, children prepared some Best Dad certificates and paper Badgâ€¦ https://t.co/lVL2t6xBEq","happy fatherâ€™s day 

on this occasion of fatherâ€™s day children prepared some best dad certificates and paper badgâ€¦ httpstcolvltxbeq","Nanded-Waghala, India",1,0.8689,0.8689,0.0,0.0
2022-06-18 23:50:02+00:00,2022-06-18,23:50:02,DenverGazette,"How can you tell a dad joke from a regular joke? (Via:@Bzdekv) #FathersDay

https://t.co/s7gA1v9MfW","how can you tell a dad joke from a regular joke viabzdekv fathersday

httpstcosgavmfw","Denver, CO",1,0.5267,0.5267,0.0,0.0
2022-06-18 23:50:02+00:00,2022-06-18,23:50:02,csgazette,"How can you tell a dad joke from a regular joke? (Via:@Bzdekv) #FathersDay 

https://t.co/zzSWONuRd6","how can you tell a dad joke from a regular joke viabzdekv fathersday 

httpstcozzswonurd",Colorado Springs,1,0.5267,0.5267,0.0,0.0
2022-06-18 23:49:47+00:00,2022-06-18,23:49:47,Vishura73484520,"@ZenithsportsI The way of deal with situations and circumstances. It's make him SuperHero @ZenithsportsI 
#fathersday 
#zenithsports.in","zenithsportsi the way of deal with situations and circumstances its make him superhero zenithsportsi 
fathersday 
","à¤†à¤œà¤¼à¤®à¤—à¤¢à¤¼, à¤­à¤¾à¤°à¤¤",0,0.0,0.0,0.0,0.0
2022-06-18 23:49:42+00:00,2022-06-18,23:49:42,U_r_unique_love,"My Father My Pride! 
#FathersDay
#Pride 
@Gurmeetramrahim
Saint Gurmeet Ram Rahim Singh Ji
#TikTok https://t.co/82yUDXAA5Y","my father my pride 
fathersday
pride 
gurmeetramrahim
saint gurmeet ram rahim singh ji
tiktok httpstcoyudxaay",PB 23,0,0.5859,0.0,0.0,0.5859
2022-06-18 23:49:36+00:00,2022-06-18,23:49:36,abhi_9827,"@HDFCLIFE #SarUthaKe #FathersDay #SarUthaKeJiyo  My dad always tells us to stay positive and never give up, alwaysâ€¦ https://t.co/DQUyPzAvqO",hdfclife saruthake fathersday saruthakejiyo  my dad always tells us to stay positive and never give up alwaysâ€¦ httpstcodquypzavqo,,1,0.5574,0.5574,0.0,0.0
2022-06-18 23:49:19+00:00,2022-06-18,23:49:19,layer_404,"@KuWallet Happy fathersDay 

@Bento2r
@greadina_
@the_Dark_Fall

#KuCoin #KCS #Bitcoin #Giveaway","kuwallet happy fathersday 

bentor
greadina
thedarkfall

kucoin kcs bitcoin giveaway",mars,0,0.5719,0.0,0.0,0.5719
2022-06-18 23:49:07+00:00,2022-06-18,23:49:07,MVampland,#Bored ? Play a Mario Game!  Sometimes I get bored. #SuperMarioBros #TheOriginal #JapaneseVersion #Nintendoâ€¦ https://t.co/9Q5qYp1vr5,bored  play a mario game  sometimes i get bored supermariobros theoriginal japaneseversion nintendoâ€¦ httpstcoqqypvr,"Hollywood, Los Angeles",-1,-0.2023,0.0,-0.2023,0.0
2022-06-18 23:49:02+00:00,2022-06-18,23:49:02,TheReviewWire,#FathersDay Giveaway: Win a Stainless Steel Laser Photo Dog Tag Photo Pendant. Ends 6.19.22 https://t.co/SL1aFp94Cvâ€¦ https://t.co/mc9k30aZ7u,fathersday giveaway win a stainless steel laser photo dog tag photo pendant ends  httpstcoslafpcvâ€¦ httpstcomckazu,"Cincinnati, Ohio",0,0.5859,0.0,0.0,0.5859
2022-06-18 23:48:40+00:00,2022-06-18,23:48:40,RealKudaMupfeka,It's Sons ONLY who can express the Kingdom Mandate! It's Sons who walk in Dominion #FathersDay2022â€¦ https://t.co/efYJSTU4kV,its sons only who can express the kingdom mandate its sons who walk in dominion fathersdayâ€¦ httpstcoefyjstukv,"Johannesburg, South Africa",0,0.0,0.0,0.0,0.0
2022-06-18 23:48:32+00:00,2022-06-18,23:48:32,cornstore_cork,"FATHERS DAY
SUNDAY ROASTS 
served w/ all The Trimmings
.
..so make sure you spoil DAD and Take the Day OFF
. 
Enjoyâ€¦ https://t.co/mx6Ui9277c","fathers day
sunday roasts 
served w all the trimmings

so make sure you spoil dad and take the day off
 
enjoyâ€¦ httpstcomxuic","Cork, Ireland",1,0.3774,0.3774,0.0,0.0
2022-06-18 23:48:29+00:00,2022-06-18,23:48:29,rapplerdotcom,"From Leto Atreides to Eduardo Buenavista, these fictional dads are definitely swoon-worthy. #FathersDay  https://t.co/zGTm0D45ml",from leto atreides to eduardo buenavista these fictional dads are definitely swoonworthy fathersday  httpstcozgtmdml,Philippines,1,0.4019,0.4019,0.0,0.0
2022-06-18 23:48:04+00:00,2022-06-18,23:48:04,GetSaivy,"HEY DADS! Weâ€™re celebrating you all weekend long. Happy Fatherâ€™s Day from Saivy!

#getsaivy
#fathersday https://t.co/WEE7EOUbAl","hey dads weâ€™re celebrating you all weekend long happy fatherâ€™s day from saivy

getsaivy
fathersday httpstcoweeeoubal","Miami, FL",1,0.8126,0.8126,0.0,0.0
2022-06-18 23:48:02+00:00,2022-06-18,23:48:02,SchoolhouseTvrn,Look no further than Schoolhouse Tavern for the perfect #FathersDay meal! Bring dad &amp; enjoy our ball park #steak &amp;â€¦ https://t.co/29R5MFj9XK,look no further than schoolhouse tavern for the perfect fathersday meal bring dad amp enjoy our ball park steak ampâ€¦ httpstcormfjxk,"Claridge, PA",1,0.6908,0.6908,0.0,0.0
2022-06-18 23:47:48+00:00,2022-06-18,23:47:48,RhythmGaming71,@KSI @eatsides KSI omg itâ€™s really you #FathersDay,ksi eatsides ksi omg itâ€™s really you fathersday,,0,0.0,0.0,0.0,0.0
2022-06-18 23:47:29+00:00,2022-06-18,23:47:29,KristinaM2U,"Happy #FathersDay22 #Fathers to 
all of U who sacrificed your happy, go-around carefree, independent lifestyles forâ€¦ https://t.co/Mq33YCvsqA","happy fathersday fathers to 
all of u who sacrificed your happy goaround carefree independent lifestyles forâ€¦ httpstcomqycvsqa",San Francisco Area,1,0.8779,0.8779,0.0,0.0
2022-06-18 23:47:22+00:00,2022-06-18,23:47:22,mentalflossimg,"Hard pass! 
#WajackoyaThe5th #cdc #FathersDay #cryptocurrency #pinkpop #pastor #TikTok https://t.co/wksiAp2WQc","hard pass 
wajackoyatheth cdc fathersday cryptocurrency pinkpop pastor tiktok httpstcowksiapwqc","Santa Cruz, CA",0,-0.1027,0.0,0.0,-0.1027
2022-06-18 23:47:13+00:00,2022-06-18,23:47:13,cornstore_limk,"FATHERS DAY
SUNDAY ROASTS 
served w/ all The Trimmings
.
..so make sure you spoil DAD and Take the Day OFF
. 
Enjoyâ€¦ https://t.co/tKy8OWYMxH","fathers day
sunday roasts 
served w all the trimmings

so make sure you spoil dad and take the day off
 
enjoyâ€¦ httpstcotkyowymxh","Limerick, Ireland",1,0.3774,0.3774,0.0,0.0
2022-06-18 23:47:12+00:00,2022-06-18,23:47:12,ssinsan777,Happy #FathersDay @Gurmeetramrahim ji,happy fathersday gurmeetramrahim ji,"Hisar, India",1,0.5719,0.5719,0.0,0.0
2022-06-18 23:47:10+00:00,2022-06-18,23:47:10,nmj192,Go OCSC ğŸ¦âš½ï¸ #OrlandoCity #Soccer #ORLvsHOU #MLS #VamosOrlando #Orlando #FathersDay #Wkend #Family @ Exploria Stadium https://t.co/gKrKaHAJ8h,go ocsc ğŸ¦âš½ï¸ orlandocity soccer orlvshou mls vamosorlando orlando fathersday wkend family  exploria stadium httpstcogkrkahajh,,0,0.0,0.0,0.0,0.0
2022-06-18 23:47:05+00:00,2022-06-18,23:47:05,Jerry4everYoung,"â€œDad, your guiding hand on my shoulder will remain with me forever.â€Â â€”Unknown
Happy Father's Day
#C9â€¦ https://t.co/slz2y3HLKn","â€œdad your guiding hand on my shoulder will remain with me foreverâ€Â â€”unknown
happy fathers day
câ€¦ httpstcoslzyhlkn",Quezon City,1,0.7845,0.7845,0.0,0.0
2022-06-18 23:46:42+00:00,2022-06-18,23:46:42,CDCarter13,my #fathersday gift! thanks @M_Ganginnis https://t.co/0KGefYWWsg,my fathersday gift thanks mganginnis httpstcokgefywwsg,online,1,0.7003,0.7003,0.0,0.0
2022-06-18 23:46:39+00:00,2022-06-18,23:46:39,krecii03,"fathersdayğŸ‚
#çˆ¶ã®æ—¥ https://t.co/D4MC17WknL","fathersdayğŸ‚
çˆ¶ã®æ—¥ httpstcodmcwknl",japan,0,0.0,0.0,0.0,0.0
2022-06-18 23:46:37+00:00,2022-06-18,23:46:37,DodgerChick310,"Everyone coming over for a carne asada, i dont celebrate #FathersDay but my bro in laws deserve to be celebrated.",everyone coming over for a carne asada i dont celebrate fathersday but my bro in laws deserve to be celebrated,110 South,1,0.6188,0.6188,0.0,0.0
2022-06-18 23:46:28+00:00,2022-06-18,23:46:28,HelloCanada,Happy #FathersDay from the Duke of Cambridge! https://t.co/EKmlXsLyNL,happy fathersday from the duke of cambridge httpstcoekmlxslynl,Canada,1,0.5719,0.5719,0.0,0.0
2022-06-18 23:46:18+00:00,2022-06-18,23:46:18,RobMirasol,"ğŸ#FathersDay
I donâ€™t need anything. Really.
My kids are the only gifts Iâ€™ll ever need.

I meanâ€”only a literal trollâ€¦ https://t.co/ffV1pbV1Jo","ğŸfathersday
i donâ€™t need anything really
my kids are the only gifts iâ€™ll ever need

i meanâ€”only a literal trollâ€¦ httpstcoffvpbvjo","Waianae, HI",0,0.0,0.0,0.0,0.0
2022-06-18 23:46:03+00:00,2022-06-18,23:46:03,Teresa7277,"I love @Nordstrom ! Just knocked out hubbyâ€™s #FathersDay gifts and shoes for meğŸ›ğŸ™ƒ

One @getjackblack shaving creamâ€¦ https://t.co/jqgHeaFfYR","i love nordstrom  just knocked out hubbyâ€™s fathersday gifts and shoes for meğŸ›ğŸ™ƒ

one getjackblack shaving creamâ€¦ httpstcojqgheaffyr",Texas,1,0.6369,0.6369,0.0,0.0
2022-06-18 23:45:42+00:00,2022-06-18,23:45:42,FrediThePizzamn,"What a GREAT #fathersday gift for me. Some knew I wanted this, itâ€™s one of dads original signs from his 1st pizzeriâ€¦ https://t.co/hRMo6MEdHF",what a great fathersday gift for me some knew i wanted this itâ€™s one of dads original signs from his st pizzeriâ€¦ httpstcohrmomedhf,"Melvindale, MI",1,0.8519,0.8519,0.0,0.0
2022-06-18 23:45:39+00:00,2022-06-18,23:45:39,NDrules43,As we celebrate the 20th most popular occasion in the world tomorrow aka #FathersDay remember that the 13th most poâ€¦ https://t.co/E9IrtYV5TZ,as we celebrate the th most popular occasion in the world tomorrow aka fathersday remember that the th most poâ€¦ httpstcoeirtyvtz,My own little world ,1,0.7778,0.7778,0.0,0.0
2022-06-18 23:45:39+00:00,2022-06-18,23:45:39,EpicBravoGaming,"BRAVO SHOWDOWN ON ROCKET LEAGUE 5PM PACIFIC!! 
1st.$50 
2nd.$25
PLUS GIVEAWAY GAMES!!
PRIZES $25 x2 &amp; 1 FUNKO POP!!â€¦ https://t.co/4ha1AtvVKK","bravo showdown on rocket league pm pacific 
st 
nd
plus giveaway games
prizes  x amp  funko popâ€¦ httpstcohaatvvkk",,1,0.4588,0.4588,0.0,0.0
2022-06-18 23:45:33+00:00,2022-06-18,23:45:33,Vishura73484520,"@AmazfitGlobal Cube 8

#FathersDay #Amazfit #TRex2 #FathersDay2022 #Smartwatch 
Join
@Rajeshw27857105 @Rajivtech35 @mittal_itsCold","amazfitglobal cube 

fathersday amazfit trex fathersday smartwatch 
join
rajeshw rajivtech mittalitscold","à¤†à¤œà¤¼à¤®à¤—à¤¢à¤¼, à¤­à¤¾à¤°à¤¤",1,0.296,0.296,0.0,0.0
2022-06-18 23:45:10+00:00,2022-06-18,23:45:10,funtimespark,"â›³ï¸ HAPPY FATHERâ€™S DAY â›³ï¸
Dad Putts FREE on Sunday, June 19th from 1pm-8:30pm.

Visit our websiteâ€¦ https://t.co/A91WoVTvBq","â›³ï¸ happy fatherâ€™s day â›³ï¸
dad putts free on sunday june th from pmpm

visit our websiteâ€¦ httpstcoawovtvbq","Alliance, OH",1,0.7906,0.7906,0.0,0.0
2022-06-18 23:45:04+00:00,2022-06-18,23:45:04,SueDuffield,"#fathersday Concert at Fairfield Glade Community Church, Fairfield Glade TN at 3pm! https://t.co/DvRz1tB9ao",fathersday concert at fairfield glade community church fairfield glade tn at pm httpstcodvrztbao,"Nashville, TN",0,0.0,0.0,0.0,0.0
2022-06-18 23:45:02+00:00,2022-06-18,23:45:02,CharlesCJrSF,Here's to all of the dads who are always there for their loved ones. #FathersDay #GoodNeighbor https://t.co/XeGqbN7YcN,heres to all of the dads who are always there for their loved ones fathersday goodneighbor httpstcoxegqbnycn,"Chicago, IL",1,0.5994,0.5994,0.0,0.0
2022-06-18 23:44:58+00:00,2022-06-18,23:44:58,EDB_Sr,I just got personalized @Commanders car mats for my car! No one else has them at all! Letâ€™s go!! #fathersday,i just got personalized commanders car mats for my car no one else has them at all letâ€™s go fathersday,Glad to be seen! ,-1,-0.296,0.0,-0.296,0.0
2022-06-18 23:44:53+00:00,2022-06-18,23:44:53,GeraghtyDenise,Wishing these two gems a Happy Fatherâ€™s Dayâ€¦.my Dad &amp; my better halfâ€¦.the two main men in my life apart from my twoâ€¦ https://t.co/wxRFz2IFfS,wishing these two gems a happy fatherâ€™s dayâ€¦my dad amp my better halfâ€¦the two main men in my life apart from my twoâ€¦ httpstcowxrfziffs,"Sandycove & Kildare, Ireland",1,0.8176,0.8176,0.0,0.0
2022-06-18 23:44:47+00:00,2022-06-18,23:44:47,CMYEdenPrairie,"How are you celebrating Father's Day tomorrow? 
 #cardmyyard #choosejoy #SkiptheCardStaketheYard #fathersdayâ€¦ https://t.co/g8Zlzdlyb5","how are you celebrating fathers day tomorrow 
 cardmyyard choosejoy skipthecardstaketheyard fathersdayâ€¦ httpstcogzlzdlyb",Eden Prairie,1,0.5719,0.5719,0.0,0.0
2022-06-18 23:44:26+00:00,2022-06-18,23:44:26,CMYMapleGrove,"How are you celebrating Father's Day tomorrow? 
 #cardmyyard #choosejoy #SkiptheCardStaketheYard #fathersdayâ€¦ https://t.co/obER4JiYNh","how are you celebrating fathers day tomorrow 
 cardmyyard choosejoy skipthecardstaketheyard fathersdayâ€¦ httpstcooberjiynh",,1,0.5719,0.5719,0.0,0.0
2022-06-18 23:44:09+00:00,2022-06-18,23:44:09,Eramo_victory,Happy Father's day #fathersday https://t.co/5ocBsnOHWt,happy fathers day fathersday httpstcoocbsnohwt,"Lagos, Nigeria",1,0.5719,0.5719,0.0,0.0
2022-06-18 23:44:06+00:00,2022-06-18,23:44:06,WestminCalvary,Weâ€™re ready for you! Come out tomorrow before your Fatherâ€™s Day celebrations! Ice Cream Sundaes after second servicâ€¦ https://t.co/ww17NxKWOP,weâ€™re ready for you come out tomorrow before your fatherâ€™s day celebrations ice cream sundaes after second servicâ€¦ httpstcowwnxkwop,Westminster Colorado,1,0.3612,0.3612,0.0,0.0
2022-06-18 23:44:00+00:00,2022-06-18,23:44:00,a_mart_official,"Get ğŸ‘”DadğŸ‘” the perfect glass and have a toast ğŸ»

#asianmart #beer #beercup #FathersDay2022 #FathersDayâ€¦ https://t.co/GM7V8HwhtB","get ğŸ‘”dadğŸ‘” the perfect glass and have a toast ğŸ»

asianmart beer beercup fathersday fathersdayâ€¦ httpstcogmvhwhtb",,1,0.5719,0.5719,0.0,0.0
2022-06-19 15:19:35+00:00,2022-06-19,15:19:35,AmarettoTea,"Happy Father's Day to all wonderful Dads! 

#FathersDay #FathersDay2022 #tralee #kerry #wildatlanticwayâ€¦ https://t.co/DvUfWH8LKt","happy fathers day to all wonderful dads 

fathersday fathersday tralee kerry wildatlanticwayâ€¦ httpstcodvufwhlkt","Tralee, Kerry ",1,0.8126,0.8126,0.0,0.0
2022-06-19 15:19:34+00:00,2022-06-19,15:19:34,JamalSm61856492,I had made #FathersDay #nhlawards2022 and #DaytimeEmmys2022 playing cardsğŸ˜€ https://t.co/lkYzXzPwds,i had made fathersday nhlawards and daytimeemmys playing cardsğŸ˜€ httpstcolkyzxzpwds,"Lawrenceburg, TN",1,0.2023,0.2023,0.0,0.0
2022-06-19 15:19:34+00:00,2022-06-19,15:19:34,CarePartnersCA,"Happy Father's Day to all the dads out there! Today, we say thank you and show our appreciation for everything youâ€¦ https://t.co/JdyGhJIphX",happy fathers day to all the dads out there today we say thank you and show our appreciation for everything youâ€¦ httpstcojdyghjiphx,"HQ: Kitchener, Ontario",1,0.8591,0.8591,0.0,0.0
2022-06-19 15:19:33+00:00,2022-06-19,15:19:33,GhabstlyHusk,Happy male progenitor day! #FathersDay,happy male progenitor day fathersday,Your Nightmares ,1,0.5719,0.5719,0.0,0.0
2022-06-19 15:19:32+00:00,2022-06-19,15:19:32,ChrisRoeMgmt,Happy Fatherâ€™s Day from us at CRM #fathersday https://t.co/HbIxdkYRQZ,happy fatherâ€™s day from us at crm fathersday httpstcohbixdkyrqz,Los Angeles,1,0.5719,0.5719,0.0,0.0
2022-06-19 15:19:32+00:00,2022-06-19,15:19:32,TimmUrschinger,"Happy Father's Day!
#FathersDay https://t.co/7cUJ8X7QZw","happy fathers day
fathersday httpstcocujxqzw",,1,0.5719,0.5719,0.0,0.0
2022-06-19 15:19:32+00:00,2022-06-19,15:19:32,tommydevoid,Happy #FathersDay https://t.co/j6ZmeGng4M,happy fathersday httpstcojzmegngm,,1,0.5719,0.5719,0.0,0.0
2022-06-19 15:19:32+00:00,2022-06-19,15:19:32,tlapragency,Sharing #fathersday wishes with all dedicated fatherâ€™s and father figures! ğŸ† https://t.co/0kx0Gz8EzA,sharing fathersday wishes with all dedicated fatherâ€™s and father figures ğŸ† httpstcokxgzeza,"Maryland, USA",1,0.7506,0.7506,0.0,0.0
2022-06-19 15:19:31+00:00,2022-06-19,15:19:31,PSIofDayton,Happy Fatherâ€™s Day to all of the incredible dads out there! ğŸ’™ğŸ‘¨ğŸ»â€ğŸ¼#PSIDayton #FathersDay #WeLoveOurDads https://t.co/JZOah6pxhD,happy fatherâ€™s day to all of the incredible dads out there ğŸ’™ğŸ‘¨ğŸ»â€ğŸ¼psidayton fathersday weloveourdads httpstcojzoahpxhd,,1,0.5719,0.5719,0.0,0.0
2022-06-19 15:19:31+00:00,2022-06-19,15:19:31,FLAIRstrips,Happy #FathersDay! https://t.co/cutnuwBxjd,happy fathersday httpstcocutnuwbxjd,Delano MN USA,1,0.5719,0.5719,0.0,0.0
2022-06-19 15:19:30+00:00,2022-06-19,15:19:30,Mgrebinsky,"Happy Fatherâ€™s Day!!!
ğŸ˜œğŸ˜ŠğŸ‘â˜€ï¸ğŸ’ğŸ¶ğŸˆğŸ‰
#happy #fathersday #happyfathersday @ Sheepshead Bay https://t.co/TC6CtuiHcc","happy fatherâ€™s day
ğŸ˜œğŸ˜ŠğŸ‘â˜€ï¸ğŸ’ğŸ¶ğŸˆğŸ‰
happy fathersday happyfathersday  sheepshead bay httpstcotcctuihcc","Brooklyn, NY",1,0.8126,0.8126,0.0,0.0
2022-06-19 15:19:30+00:00,2022-06-19,15:19:30,MsAngeliqueLuna,"Happy Fatherâ€™s Day! There are so many people that are great Fatherâ€™s. 

From pet to step to dual roles and of coursâ€¦ https://t.co/lXHHgXaJSR","happy fatherâ€™s day there are so many people that are great fatherâ€™s 

from pet to step to dual roles and of coursâ€¦ httpstcolxhhgxajsr",Florida,1,0.8316,0.8316,0.0,0.0
2022-06-19 15:19:28+00:00,2022-06-19,15:19:28,the_fed_23,Tucker went all out! He used my credit card to get me club covers for #FathersDay! What a guy ğŸ˜‚. #DogDad #GoCuse https://t.co/006WaHJiT0,tucker went all out he used my credit card to get me club covers for fathersday what a guy ğŸ˜‚ dogdad gocuse httpstcowahjit,,1,0.3818,0.3818,0.0,0.0
2022-06-19 15:19:28+00:00,2022-06-19,15:19:28,Roblox_Uptime,Happy Fathers Day!! #FathersDay2022 #FathersDay,happy fathers day fathersday fathersday,Roblox,1,0.5719,0.5719,0.0,0.0
2022-06-19 15:19:27+00:00,2022-06-19,15:19:27,ISDAssociation,Here is to celebrating the heroes we all love and cherish. Happy Father's Day to all the amazing dads out there! ğŸ’™â€¦ https://t.co/qSIRJycSTh,here is to celebrating the heroes we all love and cherish happy fathers day to all the amazing dads out there ğŸ’™â€¦ httpstcoqsirjycsth,"Annapolis, MD",1,0.9694,0.9694,0.0,0.0
2022-06-19 15:19:27+00:00,2022-06-19,15:19:27,devonjmathis,"Happy #FathersDay to all of you Dad's out there! 

There's a poem I have in my office with my oldest's feet printsâ€¦ https://t.co/0XG3dXBQD6","happy fathersday to all of you dads out there 

theres a poem i have in my office with my oldests feet printsâ€¦ httpstcoxgdxbqd",AD26 California ,1,0.5719,0.5719,0.0,0.0
2022-06-19 15:19:27+00:00,2022-06-19,15:19:27,ReddRoy,Do yâ€™all know #FathersDay is like number 30 Holiday rankings ğŸ˜,do yâ€™all know fathersday is like number  holiday rankings ğŸ˜,St. Louis Mo,1,0.6705,0.6705,0.0,0.0
2022-06-19 15:19:25+00:00,2022-06-19,15:19:25,FixedByte,We can never thank our fathers enough for everything theyâ€™ve done and continue to do for us. Happy Father's  Day toâ€¦ https://t.co/GoUFGNlfST,we can never thank our fathers enough for everything theyâ€™ve done and continue to do for us happy fathers  day toâ€¦ httpstcogoufgnlfst,"Accra, Ghana",1,0.3798,0.3798,0.0,0.0
2022-06-19 15:19:24+00:00,2022-06-19,15:19:24,The_fowosere,"To everyone that has ever called me daddy, papa, zaddy etc or anyone who has ever billed me for cash or itâ€™s equivaâ€¦ https://t.co/CQAKaUPQHf",to everyone that has ever called me daddy papa zaddy etc or anyone who has ever billed me for cash or itâ€™s equivaâ€¦ httpstcocqakaupqhf,"Lagos, Nigeria",0,0.0,0.0,0.0,0.0
2022-06-19 15:19:23+00:00,2022-06-19,15:19:23,k8sg97,Happy #FathersDay to two of the best to ever do it â¤ï¸ https://t.co/Dra7R5LBrF,happy fathersday to two of the best to ever do it â¤ï¸ httpstcodrarlbrf,,1,0.836,0.836,0.0,0.0
2022-06-19 15:19:22+00:00,2022-06-19,15:19:22,SpaldingAce,"If youâ€™re off to visit dad this #FathersDay, donâ€™t forget the card! We still have a wide variety to choose from inâ€¦ https://t.co/pnA1PpJtkc",if youâ€™re off to visit dad this fathersday donâ€™t forget the card we still have a wide variety to choose from inâ€¦ httpstcopnappjtkc,"Lockport, NY",-1,-0.2263,0.0,-0.2263,0.0
2022-06-19 15:19:20+00:00,2022-06-19,15:19:20,BLiltpodcast,"To the fatherless, take hope in Psalm 68:5 ... that He is ...""A father to the fatherless, a defender of widows, isâ€¦ https://t.co/Uxj8DTJItH",to the fatherless take hope in psalm   that he is a father to the fatherless a defender of widows isâ€¦ httpstcouxjdtjith,"Chicago, IL",1,0.5106,0.5106,0.0,0.0
2022-06-19 15:19:20+00:00,2022-06-19,15:19:20,MonStar003,"Happy Fatherâ€™s Day to my favorite fathers in the whole wide world ğŸ’•
#fathersday #daddysgirl #themosthandsomegrandpaâ€¦ https://t.co/YIKOtee4PC","happy fatherâ€™s day to my favorite fathers in the whole wide world ğŸ’•
fathersday daddysgirl themosthandsomegrandpaâ€¦ httpstcoyikoteepc",,1,0.7717,0.7717,0.0,0.0
2022-06-19 15:19:19+00:00,2022-06-19,15:19:19,ObisesanJohnson,"Let's settle this once and for all so we go take know which one to use.

Which cord is best for wiping neck?
Like fâ€¦ https://t.co/cZcucrgrAg","lets settle this once and for all so we go take know which one to use

which cord is best for wiping neck
like fâ€¦ httpstcoczcucrgrag",Face front,1,0.7717,0.7717,0.0,0.0
2022-06-19 15:19:19+00:00,2022-06-19,15:19:19,BellevilleCoop,"Happy #FathersDay to all the fathers and father figures out there ğŸ’™ May you always get green lights, may your pilloâ€¦ https://t.co/xIjoLLL5eM",happy fathersday to all the fathers and father figures out there ğŸ’™ may you always get green lights may your pilloâ€¦ httpstcoxijolllem,"Belleville, Ontario",1,0.5719,0.5719,0.0,0.0
2022-06-19 15:19:19+00:00,2022-06-19,15:19:19,45Fantomex,"Didn't have a father growing up, so I admire a man who provided for his family, loved his children, and you know stâ€¦ https://t.co/jQH2d5vRHx",didnt have a father growing up so i admire a man who provided for his family loved his children and you know stâ€¦ httpstcojqhdvrhx,,1,0.7766,0.7766,0.0,0.0
2022-06-19 15:19:18+00:00,2022-06-19,15:19:18,NunguaDjslim,"On behalf of your children who got stuck in condoms, those who landed in your boxers and those who landed in the thâ€¦ https://t.co/fefO4QcS43",on behalf of your children who got stuck in condoms those who landed in your boxers and those who landed in the thâ€¦ httpstcofefoqcs,,0,-0.25,0.0,0.0,-0.25
2022-06-19 15:19:17+00:00,2022-06-19,15:19:17,RenCarothers,"#FathersDay has me missing my dad, but feeling profoundly thankful to my Heavenly Father for blessing me with suchâ€¦ https://t.co/Vfpd8wFopl",fathersday has me missing my dad but feeling profoundly thankful to my heavenly father for blessing me with suchâ€¦ httpstcovfpdwfopl,Lexington,1,0.9517,0.9517,0.0,0.0
2022-06-19 15:19:17+00:00,2022-06-19,15:19:17,getbent_lage,To the ones that made me a Dadâ€¦thank you â¤ï¸â¤ï¸! Happy Fatherâ€™s Day to all the Dadâ€™s on @Twitter #FathersDay https://t.co/bRvYNV8jyb,to the ones that made me a dadâ€¦thank you â¤ï¸â¤ï¸ happy fatherâ€™s day to all the dadâ€™s on twitter fathersday httpstcobrvynvjyb,United States,1,0.5719,0.5719,0.0,0.0
2022-06-19 15:19:16+00:00,2022-06-19,15:19:16,NinjaPratham27,"Your father's work?
#FathersDay 
#INDvSA","your fathers work
fathersday 
indvsa","Haryana, India",0,0.0,0.0,0.0,0.0
2022-06-19 15:19:16+00:00,2022-06-19,15:19:16,DeWayneHamby,â€œWhen is Kidâ€™s Day!??â€ â€” My kids said it so yours donâ€™t have to. #FathersDay,â€œwhen is kidâ€™s dayâ€ â€” my kids said it so yours donâ€™t have to fathersday,"Orlando, FL",0,0.0,0.0,0.0,0.0
2022-06-19 15:19:16+00:00,2022-06-19,15:19:16,RP_Joinery,Hope everyone is having a nice weekend. Weâ€™ve been busy getting our new premises set up. Please check out myâ€¦ https://t.co/rEJfel1DPV,hope everyone is having a nice weekend weâ€™ve been busy getting our new premises set up please check out myâ€¦ httpstcorejfeldpv,"Worcester, England",1,0.7906,0.7906,0.0,0.0
2022-06-19 15:19:16+00:00,2022-06-19,15:19:16,_MrDreamcatcher,Happy Fatherâ€™s Day #HappyFathersDay2022 #FathersDay #fatherhood https://t.co/ICBlyYZqV7,happy fatherâ€™s day happyfathersday fathersday fatherhood httpstcoicblyyzqv,"Maharashtra, India",1,0.5719,0.5719,0.0,0.0
2022-06-19 15:19:15+00:00,2022-06-19,15:19:15,SexPositiveMe,"Happy Fatherâ€™s Day! There are so many people that are great Fatherâ€™s. 

From pet to step to dual roles and of coursâ€¦ https://t.co/8CBWBrxjLK","happy fatherâ€™s day there are so many people that are great fatherâ€™s 

from pet to step to dual roles and of coursâ€¦ httpstcocbwbrxjlk","Orlando, FL",1,0.8316,0.8316,0.0,0.0
2022-06-19 15:19:15+00:00,2022-06-19,15:19:15,ErinGrieve17,Happy Fathersâ€™ Day to this absolute legend @JimGrieve27 ğŸ’œ #FathersDay https://t.co/icElGSPixQ,happy fathersâ€™ day to this absolute legend jimgrieve ğŸ’œ fathersday httpstcoicelgspixq,"Edinburgh, Scotland",1,0.5719,0.5719,0.0,0.0
2022-06-19 15:19:14+00:00,2022-06-19,15:19:14,Kil889,I wonâ€™t hold yaâ€™llâ€¦this is EASILY the dopest #FathersDay gift I gotten! And Tee &amp; Nay have copped me some fly ish bâ€¦ https://t.co/fHURIqinnS,i wonâ€™t hold yaâ€™llâ€¦this is easily the dopest fathersday gift i gotten and tee amp nay have copped me some fly ish bâ€¦ httpstcofhuriqinns,DMV via Philly,1,0.6486,0.6486,0.0,0.0
2022-06-19 15:19:14+00:00,2022-06-19,15:19:14,Veganbabelife,Having a few days where I just expected my dad to come through the door any minute has been hard. As was going pastâ€¦ https://t.co/es1Dwr8y3Q,having a few days where i just expected my dad to come through the door any minute has been hard as was going pastâ€¦ httpstcoesdwryq,"Brighton, UK",-1,-0.1027,0.0,-0.1027,0.0
2022-06-19 15:19:14+00:00,2022-06-19,15:19:14,EPICLongIsland,"Wishing a Happy Father's Day to everyone in our EPIC family and everywhere! If your dad is no longer with us, may tâ€¦ https://t.co/ObX6ZBLz8w",wishing a happy fathers day to everyone in our epic family and everywhere if your dad is no longer with us may tâ€¦ httpstcoobxzblzw,"East Meadow, NY",1,0.5267,0.5267,0.0,0.0
2022-06-19 15:19:14+00:00,2022-06-19,15:19:14,viralpix_,"Yash Family Pics â¤ï¸
 #YashBOSS #FathersDay #fathersdaysurprise #fatherdaughter #FathersDayquotes https://t.co/ioyU4SyKqV","yash family pics â¤ï¸
 yashboss fathersday fathersdaysurprise fatherdaughter fathersdayquotes httpstcoioyusykqv",Visit Website ğŸ‘‰,0,0.0,0.0,0.0,0.0
2022-06-19 15:19:13+00:00,2022-06-19,15:19:13,Deeshoenutz,@Chicagopirates1 Happy Fathersday famğŸ’¯ğŸ’¯ğŸ’ªğŸ»,chicagopirates happy fathersday famğŸ’¯ğŸ’¯ğŸ’ªğŸ»,"Los Angeles, CA",1,0.5719,0.5719,0.0,0.0
2022-06-19 15:19:13+00:00,2022-06-19,15:19:13,RichardLZulick,"Iâ€™m fortunate and blessed in so many ways, but these beautiful and precious people are what Iâ€™m most proud of everyâ€¦ https://t.co/YT8psED4OA",iâ€™m fortunate and blessed in so many ways but these beautiful and precious people are what iâ€™m most proud of everyâ€¦ httpstcoytpsedoa,,1,0.9656,0.9656,0.0,0.0
2022-06-19 15:19:13+00:00,2022-06-19,15:19:13,BestPets,"Happy Father's Day to all of the dad's out there, including dog dads! ğŸ’— ğŸ¶ 

#PetsKnowBest #FathersDay #HuggiePup https://t.co/dD1PBtMpSY","happy fathers day to all of the dads out there including dog dads ğŸ’— ğŸ¶ 

petsknowbest fathersday huggiepup httpstcoddpbtmpsy",,1,0.5719,0.5719,0.0,0.0
2022-06-19 15:19:13+00:00,2022-06-19,15:19:13,gangsofbhakt,"Seems like it's not father day but a #DiorSauvage day. 

How many father's got gifted this? 

#FathersDayâ€¦ https://t.co/uSYxJiyRoI","seems like its not father day but a diorsauvage day 

how many fathers got gifted this 

fathersdayâ€¦ httpstcousyxjiyroi",,1,0.1901,0.1901,0.0,0.0
2022-06-19 15:19:13+00:00,2022-06-19,15:19:13,Jiya91357815,"@SamsungIndia 
#FathersDay #Sumsang
#GalaxyS22 
Father gives everything  that is monetary or non-monetary to theirâ€¦ https://t.co/tG53XpTLBT","samsungindia 
fathersday sumsang
galaxys 
father gives everything  that is monetary or nonmonetary to theirâ€¦ httpstcotgxptlbt",,0,0.0,0.0,0.0,0.0
2022-06-19 15:19:12+00:00,2022-06-19,15:19:12,RegsDett,"@RealGlenMacnow @PhillyInquirer 1st, Happy Father's Day!!! 2nd, Doctor for a son, 3rd, You killed it as a father... #FathersDay",realglenmacnow phillyinquirer st happy fathers day nd doctor for a son rd you killed it as a father fathersday,"Philadelphia, PA",-1,-0.2023,0.0,-0.2023,0.0
2022-06-19 15:19:11+00:00,2022-06-19,15:19:11,EFitzenposse,"Happy Fathers Day to all the fathers out there!! I'm not talking sperm donors, but true Fathers who are actively aâ€¦ https://t.co/TSVphu4Vfr",happy fathers day to all the fathers out there im not talking sperm donors but true fathers who are actively aâ€¦ httpstcotsvphuvfr,One Click Away,1,0.8402,0.8402,0.0,0.0
2022-06-19 15:19:11+00:00,2022-06-19,15:19:11,fiveminmajorpod,We here at Five Minute Major would like to wish everyone a happy #JuneTeenth and #FathersDay! Enjoy the day!,we here at five minute major would like to wish everyone a happy juneteenth and fathersday enjoy the day,"Philadelphia, PA",1,0.9022,0.9022,0.0,0.0
2022-06-19 15:19:11+00:00,2022-06-19,15:19:11,SchoolJokesK_12,"Do #dads always snore?â€¦ No, only when they are asleep!  https://t.co/0OpUQ1mA6g #DadJokes #FathersDay2022 #FathersDay #FathersDayWeekend",do dads always snoreâ€¦ no only when they are asleep  httpstcoopuqmag dadjokes fathersday fathersday fathersdayweekend,"Boston, MA",-1,-0.296,0.0,-0.296,0.0
2022-06-19 15:19:11+00:00,2022-06-19,15:19:11,justaddwaterdev,"Happy Father's Day to all of our Dads, step dad's, uncles, brothers and friends who do a fantastic job at being theâ€¦ https://t.co/lGhTzwDAkr",happy fathers day to all of our dads step dads uncles brothers and friends who do a fantastic job at being theâ€¦ httpstcolghtzwdakr,Yorkshire,1,0.886,0.886,0.0,0.0
2022-06-19 15:19:09+00:00,2022-06-19,15:19:09,rohitaswal007,"It was easier for a 10yr old me to wish my dad on #FathersDay, than 21 yr old me now. 
But I've love and respect foâ€¦ https://t.co/YF25UFA4mo","it was easier for a yr old me to wish my dad on fathersday than  yr old me now 
but ive love and respect foâ€¦ httpstcoyfufamo",,1,0.9287,0.9287,0.0,0.0
2022-06-19 15:19:09+00:00,2022-06-19,15:19:09,SourajitBasu4,"HAPPY FATHER'S DAY
#FathersDay #utsav #Hinduism #fatherhood https://t.co/HlTW1B3021","happy fathers day
fathersday utsav hinduism fatherhood httpstcohltwb","Kolkata, India",1,0.5719,0.5719,0.0,0.0
2022-06-19 15:19:09+00:00,2022-06-19,15:19:09,MovieMantz,HAPPY FATHERâ€™S DAY!!! #FathersDay https://t.co/Dxtjm409je,happy fatherâ€™s day fathersday httpstcodxtjmje,"Los Angeles, CA",1,0.5719,0.5719,0.0,0.0
2022-06-19 15:19:08+00:00,2022-06-19,15:19:08,ChibiusaMochi,Happy Fatherâ€™s Day to Jecht! #FinalFantasy #FFX #FathersDay https://t.co/regEDraK9A,happy fatherâ€™s day to jecht finalfantasy ffx fathersday httpstcoregedraka,,1,0.5719,0.5719,0.0,0.0
2022-06-19 15:19:08+00:00,2022-06-19,15:19:08,Smootasaurus,"I'll go with Dad splits ğŸ˜ Not bad for almost 50. That hill on mile 5 tho... Making me work for it.

Do something foâ€¦ https://t.co/4yssUPUSuS","ill go with dad splits ğŸ˜ not bad for almost  that hill on mile  tho making me work for it

do something foâ€¦ httpstcoyssupusus",New York City,0,0.0129,0.0,0.0,0.0129
2022-06-19 15:19:07+00:00,2022-06-19,15:19:07,abstrusination,"#FathersDay To Bunion, the boy wonder, wherever you are... https://t.co/fmYyNRZ8Z1",fathersday to bunion the boy wonder wherever you are httpstcofmyynrzz,Edge of the North Country,0,0.0,0.0,0.0,0.0
2022-06-19 15:19:07+00:00,2022-06-19,15:19:07,jorgeco37551116,"Ontario provincial police say On FathersDay, we celebrate OPP fathers, and all the other dads across Ontario. Thankâ€¦ https://t.co/9qY6aaCVbH",ontario provincial police say on fathersday we celebrate opp fathers and all the other dads across ontario thankâ€¦ httpstcoqyaacvbh,Province of Ontario Canada ,1,0.5719,0.5719,0.0,0.0
2022-06-19 15:19:07+00:00,2022-06-19,15:19:07,BradCraft,Well I didn't win the $200grand but my #GasMonkeyGarage detail kit came in handy on this #FathersDay . Thanks fellaâ€¦ https://t.co/CeI0TS4Rew,well i didnt win the grand but my gasmonkeygarage detail kit came in handy on this fathersday  thanks fellaâ€¦ httpstcoceitsrew,Wichita Kansas,1,0.3867,0.3867,0.0,0.0
2022-06-19 15:19:06+00:00,2022-06-19,15:19:06,LudhianaRPolice,â€œFathers just have a way of putting everything together.â€ #FathersDay  #PunjabPoliceFathersDayCelebrations https://t.co/yobub7GuGt,â€œfathers just have a way of putting everything togetherâ€ fathersday  punjabpolicefathersdaycelebrations httpstcoyobubgugt,Jagraon,0,0.0,0.0,0.0,0.0
2022-06-19 15:19:06+00:00,2022-06-19,15:19:06,yenkwin,"So some people dey shame to post their father, na wa o

#HappyFathersDay2022 #FathersDay #FathersDay2022","so some people dey shame to post their father na wa o

happyfathersday fathersday fathersday",Nigeria,-1,-0.4767,0.0,-0.4767,0.0
2022-06-19 15:19:06+00:00,2022-06-19,15:19:06,ugwildlife,Chest-thumps to all the awesome dads out there. Happy #FathersDay! https://t.co/A9zzRtCkOd,chestthumps to all the awesome dads out there happy fathersday httpstcoazzrtckod,Uganda,1,0.8316,0.8316,0.0,0.0
2022-06-19 15:19:05+00:00,2022-06-19,15:19:05,VideoCityTVshow,#HappyJuneteenth #TV AlertğŸ“º#FathersDay Edition #QUEENS 11PM Channels 35/79/83/1998 Verizon/Optimum/RCN/Spectrumâ€¦ https://t.co/Ma4vPBpTMx,happyjuneteenth tv alertğŸ“ºfathersday edition queens pm channels  verizonoptimumrcnspectrumâ€¦ httpstcomavpbptmx,New York ,0,0.0,0.0,0.0,0.0
2022-06-19 15:19:05+00:00,2022-06-19,15:19:05,MoondogJuJu,"Happy #FathersDay to the Dadâ€™s out here! 

Happy birthday to my baby girl! I love being a #GirlDad &amp; the father ofâ€¦ https://t.co/uJYO1315Nn","happy fathersday to the dadâ€™s out here 

happy birthday to my baby girl i love being a girldad amp the father ofâ€¦ httpstcoujyonn",United States,1,0.9118,0.9118,0.0,0.0
2022-06-19 15:19:05+00:00,2022-06-19,15:19:05,time_captain,"Fatherâ€™s Day,
Our dad Richard had such a short time on this earth but I remember him often. I can still hear his voâ€¦ https://t.co/QQYky3fzw3","fatherâ€™s day
our dad richard had such a short time on this earth but i remember him often i can still hear his voâ€¦ httpstcoqqykyfzw","Sedro-Woolley, WA",0,0.0,0.0,0.0,0.0
2022-06-19 15:19:05+00:00,2022-06-19,15:19:05,JadoreMontreal,"Montreal: Happy Father's Day to the many wonderful, loving men who lift us up. ğŸ¥°ğŸ“· evablue #montreal #MTLmomentsâ€¦ https://t.co/zHeVeq1tbK",montreal happy fathers day to the many wonderful loving men who lift us up ğŸ¥°ğŸ“· evablue montreal mtlmomentsâ€¦ httpstcozheveqtbk,"MontrÃ©al, QuÃ©bec",1,0.9062,0.9062,0.0,0.0
2022-06-19 15:19:05+00:00,2022-06-19,15:19:05,3fm927,Fatherâ€™s day celebration: This is our way of pampering all our hardworking fathers who have taken up all the herculâ€¦ https://t.co/gDVcy9yvTs,fatherâ€™s day celebration this is our way of pampering all our hardworking fathers who have taken up all the herculâ€¦ httpstcogdvcyyvts,"Accra, Ghana",0,0.0,0.0,0.0,0.0
2022-06-19 15:19:04+00:00,2022-06-19,15:19:04,notdan,Happy #FathersDay!! ğŸ˜ˆğŸ¤£ https://t.co/pmRFeaAqRu,happy fathersday ğŸ˜ˆğŸ¤£ httpstcopmrfeaaqru,B4Y 4R34 CALf1FORN1A,1,0.5719,0.5719,0.0,0.0
2022-06-19 15:19:04+00:00,2022-06-19,15:19:04,xQcVnft,"Growing up my father chose not to stick around but through his lack of, I learned what I could from my mom, aunts,â€¦ https://t.co/MRW7BwwXYB",growing up my father chose not to stick around but through his lack of i learned what i could from my mom auntsâ€¦ httpstcomrwbwwxyb,Somewhere in America,-1,-0.3818,0.0,-0.3818,0.0
2022-06-19 15:19:03+00:00,2022-06-19,15:19:03,DavidJBurns_,@FaithBorkowsky @MrLitEdu Here you go @FaithBorkowsky and @MrLitEdu  Happy Father's Day everyone! #FathersDayâ€¦ https://t.co/F04Gk1dFOe,faithborkowsky mrlitedu here you go faithborkowsky and mrlitedu  happy fathers day everyone fathersdayâ€¦ httpstcofgkdfoe,,1,0.5719,0.5719,0.0,0.0
2022-06-19 15:19:02+00:00,2022-06-19,15:19:02,AnthonyGrinston,"Life ainâ€™t sweet ainâ€™t no layups , drip for sale , they gotta pay us #GardenPardi #FathersDay #weliketopardiâ€¦ https://t.co/ONPEOlHXuc",life ainâ€™t sweet ainâ€™t no layups  drip for sale  they gotta pay us gardenpardi fathersday weliketopardiâ€¦ httpstcoonpeolhxuc,"Indianapolis, IN",1,0.1027,0.1027,0.0,0.0
2022-06-19 15:19:02+00:00,2022-06-19,15:19:02,rashidfdavis,Celebrating 20 Years of Early College #sundayvibes #FathersDay #FathersDay2022 #HappyFathersDay2022 #weareptechâ€¦ https://t.co/f4hzWGEqpQ,celebrating  years of early college sundayvibes fathersday fathersday happyfathersday weareptechâ€¦ httpstcofhzwgeqpq,,1,0.5719,0.5719,0.0,0.0
2022-06-19 15:19:02+00:00,2022-06-19,15:19:02,Goducks2003,Well my Kids Know their Dad on Fathers Day. MY Gift #FathersDay #MambaForever #MambaMentality https://t.co/CAfcnC7lhb,well my kids know their dad on fathers day my gift fathersday mambaforever mambamentality httpstcocafcnclhb,"Felida, WA",1,0.6124,0.6124,0.0,0.0
2022-06-19 15:19:02+00:00,2022-06-19,15:19:02,dedaandsons,"Link:
https://t.co/SwJuFyFv7z

Story:
â€œ19th of June is Father's Day, but why we celebrate it?â€

+ How to celebrateâ€¦ https://t.co/MgKbAML1ma","link
httpstcoswjufyfvz

story
â€œth of june is fathers day but why we celebrate itâ€

 how to celebrateâ€¦ httpstcomgkbamlma",worldwide,1,0.7227,0.7227,0.0,0.0
2022-06-19 15:19:02+00:00,2022-06-19,15:19:02,john_mason_,"Happy Fatherâ€™s Day. As a dad, I like to mention that itâ€™s time to repeal the 2nd Amendment and implement proper gunâ€¦ https://t.co/lOlqW0UlqQ",happy fatherâ€™s day as a dad i like to mention that itâ€™s time to repeal the nd amendment and implement proper gunâ€¦ httpstcololqwulqq,"Atlanta, GA",1,0.7351,0.7351,0.0,0.0
2022-06-19 15:19:02+00:00,2022-06-19,15:19:02,Pure_LightTech,"Happy Father's Day to those wonderful men out there. Spend some time with the fathers in your life. 

#PureLightâ€¦ https://t.co/Opv8nGvDOA","happy fathers day to those wonderful men out there spend some time with the fathers in your life 

purelightâ€¦ httpstcoopvngvdoa","Rigby, Idaho",1,0.8126,0.8126,0.0,0.0
2022-06-19 15:19:01+00:00,2022-06-19,15:19:01,HoboDreamzzz,Happy Fatherâ€™s Day To Both Mom and Dad out there #FathersDay,happy fatherâ€™s day to both mom and dad out there fathersday,,1,0.5719,0.5719,0.0,0.0
2022-06-19 15:19:01+00:00,2022-06-19,15:19:01,Pixeldoggie2003,Happy Fatherâ€™s Day to my dad in heaven and all the other dads out their I miss my dad everyday so this Fatherâ€™s Dayâ€¦ https://t.co/S0Q2K91fnY,happy fatherâ€™s day to my dad in heaven and all the other dads out their i miss my dad everyday so this fatherâ€™s dayâ€¦ httpstcosqkfny,"Georgia, USA",1,0.7506,0.7506,0.0,0.0
2022-06-19 15:19:01+00:00,2022-06-19,15:19:01,AKADonaldTrump,Happy Fatherâ€™s Day dad even though you donâ€™t know me. @HerschelWalker #FathersDay,happy fatherâ€™s day dad even though you donâ€™t know me herschelwalker fathersday,,1,0.5719,0.5719,0.0,0.0
2022-06-19 15:19:01+00:00,2022-06-19,15:19:01,changing_aging,Honoring all dads on their special day. Happy Father's Day! #fathersday #fathersday2022 #dadday #camarilloâ€¦ https://t.co/hh2fXiPPmp,honoring all dads on their special day happy fathers day fathersday fathersday dadday camarilloâ€¦ httpstcohhfxippmp,"Camarillo, CA",1,0.8658,0.8658,0.0,0.0
2022-06-19 15:19:01+00:00,2022-06-19,15:19:01,myisense,"Happy Fatherâ€™s Day to the goofball that keeps us laughing, comforts us, and naps through the game. Make dad feel liâ€¦ https://t.co/uxxPBE1rAy",happy fatherâ€™s day to the goofball that keeps us laughing comforts us and naps through the game make dad feel liâ€¦ httpstcouxxpberay,"Missouri, USA",1,0.875,0.875,0.0,0.0
2022-06-19 15:19:01+00:00,2022-06-19,15:19:01,KateNasser,"Global #PeopleSkillsChat RECAP June 19th w/ host @KateNasser: Dealing With ""Odd"" Behaviorsâ€¦ https://t.co/IgJ7dzwgps",global peopleskillschat recap june th w host katenasser dealing with odd behaviorsâ€¦ httpstcoigjdzwgps,NYC USA to the world!,-1,-0.3182,0.0,-0.3182,0.0
2022-06-19 15:19:01+00:00,2022-06-19,15:19:01,swulffa20,Happy Fatherâ€™s Day! #FathersDay,happy fatherâ€™s day fathersday,"Danbury, CT",1,0.5719,0.5719,0.0,0.0
2022-06-19 15:19:00+00:00,2022-06-19,15:19:00,BMammasBurritos,Happy #FathersDay to all those awesome dads out there. We burrito today for you!â¤ï¸ğŸŒ¯â¤ï¸,happy fathersday to all those awesome dads out there we burrito today for youâ¤ï¸ğŸŒ¯â¤ï¸,"Athens, OH",1,0.8316,0.8316,0.0,0.0
2022-06-19 15:19:00+00:00,2022-06-19,15:19:00,liataghva,Happy #FathersDay ğŸ˜â¤ï¸ https://t.co/3tQYXkRUP6,happy fathersday ğŸ˜â¤ï¸ httpstcotqyxkrup,,1,0.5719,0.5719,0.0,0.0
2022-06-19 15:19:00+00:00,2022-06-19,15:19:00,IRP_UW,Happy #FathersDay! We hope you'll check out this collection of IRP resources and other materials related to supportâ€¦ https://t.co/icZqXDEual,happy fathersday we hope youll check out this collection of irp resources and other materials related to supportâ€¦ httpstcoiczqxdeual,"Madison, WI",0,0.765,0.0,0.0,0.765
2022-06-19 15:19:00+00:00,2022-06-19,15:19:00,Harpree17459332,Happy #FathersDay to our Guru Saint Gurmeet Ram Rahim Singh Ji who tells the secret to Live Happy n Healthy Life.â€¦ https://t.co/Td6t7tnsFH,happy fathersday to our guru saint gurmeet ram rahim singh ji who tells the secret to live happy n healthy lifeâ€¦ httpstcotdttnsfh,,1,0.8779,0.8779,0.0,0.0
2022-06-19 15:18:59+00:00,2022-06-19,15:18:59,katrintheresa,And this songâ€” has me crying ğŸ˜­ &amp; Iâ€™m trying not to smear my makeup because I need to pick up some sandwich rings &amp;â€¦ https://t.co/1ZbbD8Tu0A,and this songâ€” has me crying ğŸ˜­ amp iâ€™m trying not to smear my makeup because i need to pick up some sandwich rings ampâ€¦ httpstcozbbdtua,"Pittsburgh, PA",-1,-0.2477,0.0,-0.2477,0.0
2022-06-19 15:18:58+00:00,2022-06-19,15:18:58,TXLonghornPride,"I will always appreciate, love and respect everything you taught me and the fond memories that I will continue to fâ€¦ https://t.co/nfXfgvvKse",i will always appreciate love and respect everything you taught me and the fond memories that i will continue to fâ€¦ httpstconfxfgvvkse,"austin, Tx",1,0.9169,0.9169,0.0,0.0
2022-06-19 15:18:57+00:00,2022-06-19,15:18:57,cjresnick,The journey of a father is filled with a single goal.. be the best role model you can for your son will become theâ€¦ https://t.co/FuLSSgnKc1,the journey of a father is filled with a single goal be the best role model you can for your son will become theâ€¦ httpstcofulssgnkc,Florida,1,0.6369,0.6369,0.0,0.0
2022-06-19 15:18:57+00:00,2022-06-19,15:18:57,outsider,"For @BassProShops founder Johnny Morris, Fatherâ€™s Day just means that much more. 

Happy #FathersDay to the dads ouâ€¦ https://t.co/2ST0KnMuaC","for bassproshops founder johnny morris fatherâ€™s day just means that much more 

happy fathersday to the dads ouâ€¦ httpstcostknmuac","Nashville, TN",1,0.6115,0.6115,0.0,0.0
2022-06-19 15:18:56+00:00,2022-06-19,15:18:56,madisontealteam,"Happy #FathersDay to all fathers, father figures, and those for whom this is a complicated day. We appreciate everyâ€¦ https://t.co/uOV0z8mcsA",happy fathersday to all fathers father figures and those for whom this is a complicated day we appreciate everyâ€¦ httpstcouovzmcsa,,1,0.7506,0.7506,0.0,0.0
2022-06-19 15:18:56+00:00,2022-06-19,15:18:56,DarrylAntonacci,"""When does a joke become a dad joke? When it becomes apparent.""

Happy Father's Day to all the dad's out there! 

#FathersDay #dadjokes","when does a joke become a dad joke when it becomes apparent

happy fathers day to all the dads out there 

fathersday dadjokes","Princeton, NJ",1,0.7964,0.7964,0.0,0.0
2022-06-19 15:18:56+00:00,2022-06-19,15:18:56,oldmanshudson,"Started #FathersDay by finally watching the ultimate dad movie, SULLY. 

Goddamnit, @blankcheckpod, you were so, soâ€¦ https://t.co/QkCj6oQHUu","started fathersday by finally watching the ultimate dad movie sully 

goddamnit blankcheckpod you were so soâ€¦ httpstcoqkcjoqhuu","Doylestown, PA",0,0.0,0.0,0.0,0.0
2022-06-19 15:18:56+00:00,2022-06-19,15:18:56,AISforstudents,"Happy father's day ğŸ’ğŸ‰

#HappyFathersDay2022 #FathersDay #fathersdaysurprise #fatherhood #tranding https://t.co/Lu1InT6n3E","happy fathers day ğŸ’ğŸ‰

happyfathersday fathersday fathersdaysurprise fatherhood tranding httpstcoluintne",India,1,0.5719,0.5719,0.0,0.0
2022-06-19 15:18:56+00:00,2022-06-19,15:18:56,drshalinisdiet,"Fathers , 
We know you love lots but please do express your love for your kids. Also when they are no longer toddleâ€¦ https://t.co/gvXiUp5zr1","fathers  
we know you love lots but please do express your love for your kids also when they are no longer toddleâ€¦ httpstcogvxiupzr",New Delhi + Online ,1,0.8608,0.8608,0.0,0.0
2022-06-19 15:18:56+00:00,2022-06-19,15:18:56,InstructorRose,"""When I was a child, my father taught me to put up my fists like a boy and to be prepared to defend myself at all tâ€¦ https://t.co/4awHLAk8L7",when i was a child my father taught me to put up my fists like a boy and to be prepared to defend myself at all tâ€¦ httpstcoawhlakl,"ğŸ—½, Milky Way",1,0.5267,0.5267,0.0,0.0
2022-06-19 15:18:55+00:00,2022-06-19,15:18:55,MillyRebels,Happy Fatherâ€™s Day to you amazing dads. I hope your day is filled with all the love and joy that you bring to our bâ€¦ https://t.co/Dg3ILEOejp,happy fatherâ€™s day to you amazing dads i hope your day is filled with all the love and joy that you bring to our bâ€¦ httpstcodgileoejp,Planet Milly,1,0.9607,0.9607,0.0,0.0
2022-06-19 15:18:54+00:00,2022-06-19,15:18:54,fan_hongda,My Chinese #KungFu . My daughter's #Hollywood show. Both of us are outstanding peopleğŸ˜„ğŸ˜„ğŸ˜„#FathersDay https://t.co/Udu9cJSuQy,my chinese kungfu  my daughters hollywood show both of us are outstanding peopleğŸ˜„ğŸ˜„ğŸ˜„fathersday httpstcouducjsuqy,,1,0.6124,0.6124,0.0,0.0
2022-06-19 15:18:54+00:00,2022-06-19,15:18:54,Thogar,"Miss you, Dad. Happy #FathersDay https://t.co/mkCBImjrm4",miss you dad happy fathersday httpstcomkcbimjrm,Louisiana,1,0.4767,0.4767,0.0,0.0
2022-06-19 15:18:54+00:00,2022-06-19,15:18:54,ZonaRosaCoffee,#HappyFathersDay #FathersDay #FelizDÃ­adelPadreÂ #ElDiadelPadre to all the great dads out there! https://t.co/pkhYfI4bDR,happyfathersday fathersday felizdÃ­adelpadreÂ eldiadelpadre to all the great dads out there httpstcopkhyfibdr,"Los Angeles, CA USA",1,0.6249,0.6249,0.0,0.0
2022-06-19 15:18:54+00:00,2022-06-19,15:18:54,KrisHuston77,"Sunday service with Beargrass Missionary Baptist Church Louisville, KY

https://t.co/iTDYO5D7Hm

#FathersDayâ€¦ https://t.co/rmKkqLx3xM","sunday service with beargrass missionary baptist church louisville ky

httpstcoitdyodhm

fathersdayâ€¦ httpstcormkkqlxxm",,0,0.0,0.0,0.0,0.0
2022-06-19 15:20:21+00:00,2022-06-19,15:20:21,rajvirat_singh,"Buy ur dreams land property at jevar airport , anybody interested to text me ,
#FathersDay #jevarairport
#realstate #homevideo","buy ur dreams land property at jevar airport  anybody interested to text me 
fathersday jevarairport
realstate homevideo",Ratnpura ,1,0.6597,0.6597,0,0
